{
  "accuracy": 0.9983500294637596,
  "precision": 0.9976344086021506,
  "recall": 0.9993537268418785,
  "f1_score": 0.998493327593629,
  "confusion_matrix": [
    [
      3832,
      11
    ],
    [
      3,
      4639
    ]
  ],
  "test_samples": 8485,
  "benign_predictions": 3835,
  "dangerous_predictions": 4650,
  "true_benign": 3843,
  "true_dangerous": 4642
}