{
  "accuracy": 0.9994107248084856,
  "precision": 0.9995690583925878,
  "recall": 0.9993537268418785,
  "f1": 0.9994613810190671,
  "confusion_matrix": [
    [
      3841,
      2
    ],
    [
      3,
      4639
    ]
  ],
  "test_size": 8485
}